reviews.rating,primaryCategories_Accommodation & Food Services,primaryCategories_Arts Entertainment & Recreation,"primaryCategories_Healthcare & Social Assistance,Accommodation & Food Services",primaryCategories_Utilities,"primaryCategories_Wholesale Trade,Accommodation & Food Services"
0.25,1.0,0.0,0.0,0.0,0.0
1.0,1.0,0.0,0.0,0.0,0.0
1.0,1.0,0.0,0.0,0.0,0.0
1.0,1.0,0.0,0.0,0.0,0.0
1.0,1.0,0.0,0.0,0.0,0.0
1.0,1.0,0.0,0.0,0.0,0.0
1.0,1.0,0.0,0.0,0.0,0.0
1.0,1.0,0.0,0.0,0.0,0.0
0.75,1.0,0.0,0.0,0.0,0.0
1.0,1.0,0.0,0.0,0.0,0.0
1.0,0.0,0.0,1.0,0.0,0.0
1.0,0.0,0.0,1.0,0.0,0.0
1.0,0.0,0.0,1.0,0.0,0.0
1.0,0.0,0.0,1.0,0.0,0.0
1.0,1.0,0.0,0.0,0.0,0.0
1.0,1.0,0.0,0.0,0.0,0.0
1.0,1.0,0.0,0.0,0.0,0.0
0.75,1.0,0.0,0.0,0.0,0.0
1.0,1.0,0.0,0.0,0.0,0.0
0.75,1.0,0.0,0.0,0.0,0.0
1.0,1.0,0.0,0.0,0.0,0.0
1.0,1.0,0.0,0.0,0.0,0.0
1.0,1.0,0.0,0.0,0.0,0.0
1.0,1.0,0.0,0.0,0.0,0.0
1.0,1.0,0.0,0.0,0.0,0.0
1.0,1.0,0.0,0.0,0.0,0.0
1.0,1.0,0.0,0.0,0.0,0.0
1.0,1.0,0.0,0.0,0.0,0.0
1.0,1.0,0.0,0.0,0.0,0.0
1.0,1.0,0.0,0.0,0.0,0.0
1.0,1.0,0.0,0.0,0.0,0.0
0.0,1.0,0.0,0.0,0.0,0.0
1.0,1.0,0.0,0.0,0.0,0.0
0.75,1.0,0.0,0.0,0.0,0.0
1.0,1.0,0.0,0.0,0.0,0.0
1.0,1.0,0.0,0.0,0.0,0.0
1.0,1.0,0.0,0.0,0.0,0.0
1.0,1.0,0.0,0.0,0.0,0.0
1.0,1.0,0.0,0.0,0.0,0.0
1.0,1.0,0.0,0.0,0.0,0.0
0.5,1.0,0.0,0.0,0.0,0.0
1.0,1.0,0.0,0.0,0.0,0.0
1.0,1.0,0.0,0.0,0.0,0.0
1.0,1.0,0.0,0.0,0.0,0.0
1.0,1.0,0.0,0.0,0.0,0.0
1.0,1.0,0.0,0.0,0.0,0.0
1.0,1.0,0.0,0.0,0.0,0.0
1.0,1.0,0.0,0.0,0.0,0.0
1.0,1.0,0.0,0.0,0.0,0.0
1.0,1.0,0.0,0.0,0.0,0.0
1.0,1.0,0.0,0.0,0.0,0.0
1.0,1.0,0.0,0.0,0.0,0.0
1.0,1.0,0.0,0.0,0.0,0.0
1.0,1.0,0.0,0.0,0.0,0.0
1.0,1.0,0.0,0.0,0.0,0.0
0.5,1.0,0.0,0.0,0.0,0.0
0.25,1.0,0.0,0.0,0.0,0.0
0.0,1.0,0.0,0.0,0.0,0.0
0.5,1.0,0.0,0.0,0.0,0.0
1.0,1.0,0.0,0.0,0.0,0.0
1.0,1.0,0.0,0.0,0.0,0.0
1.0,1.0,0.0,0.0,0.0,0.0
0.5,1.0,0.0,0.0,0.0,0.0
1.0,1.0,0.0,0.0,0.0,0.0
0.75,1.0,0.0,0.0,0.0,0.0
1.0,1.0,0.0,0.0,0.0,0.0
1.0,1.0,0.0,0.0,0.0,0.0
1.0,1.0,0.0,0.0,0.0,0.0
0.5,1.0,0.0,0.0,0.0,0.0
1.0,1.0,0.0,0.0,0.0,0.0
0.75,1.0,0.0,0.0,0.0,0.0
1.0,1.0,0.0,0.0,0.0,0.0
0.75,1.0,0.0,0.0,0.0,0.0
0.25,1.0,0.0,0.0,0.0,0.0
0.75,1.0,0.0,0.0,0.0,0.0
0.5,1.0,0.0,0.0,0.0,0.0
1.0,1.0,0.0,0.0,0.0,0.0
1.0,1.0,0.0,0.0,0.0,0.0
0.75,1.0,0.0,0.0,0.0,0.0
0.75,1.0,0.0,0.0,0.0,0.0
1.0,1.0,0.0,0.0,0.0,0.0
0.75,1.0,0.0,0.0,0.0,0.0
1.0,1.0,0.0,0.0,0.0,0.0
0.75,1.0,0.0,0.0,0.0,0.0
0.75,1.0,0.0,0.0,0.0,0.0
1.0,1.0,0.0,0.0,0.0,0.0
0.25,1.0,0.0,0.0,0.0,0.0
0.5,1.0,0.0,0.0,0.0,0.0
0.75,1.0,0.0,0.0,0.0,0.0
1.0,1.0,0.0,0.0,0.0,0.0
1.0,1.0,0.0,0.0,0.0,0.0
1.0,1.0,0.0,0.0,0.0,0.0
0.75,1.0,0.0,0.0,0.0,0.0
0.75,1.0,0.0,0.0,0.0,0.0
1.0,1.0,0.0,0.0,0.0,0.0
1.0,1.0,0.0,0.0,0.0,0.0
0.75,1.0,0.0,0.0,0.0,0.0
0.75,1.0,0.0,0.0,0.0,0.0
0.75,1.0,0.0,0.0,0.0,0.0
1.0,1.0,0.0,0.0,0.0,0.0
1.0,1.0,0.0,0.0,0.0,0.0
0.75,1.0,0.0,0.0,0.0,0.0
0.75,1.0,0.0,0.0,0.0,0.0
1.0,1.0,0.0,0.0,0.0,0.0
1.0,1.0,0.0,0.0,0.0,0.0
1.0,1.0,0.0,0.0,0.0,0.0
1.0,1.0,0.0,0.0,0.0,0.0
0.75,1.0,0.0,0.0,0.0,0.0
1.0,1.0,0.0,0.0,0.0,0.0
1.0,1.0,0.0,0.0,0.0,0.0
1.0,1.0,0.0,0.0,0.0,0.0
0.75,1.0,0.0,0.0,0.0,0.0
0.75,1.0,0.0,0.0,0.0,0.0
0.75,1.0,0.0,0.0,0.0,0.0
0.75,1.0,0.0,0.0,0.0,0.0
1.0,1.0,0.0,0.0,0.0,0.0
1.0,1.0,0.0,0.0,0.0,0.0
1.0,1.0,0.0,0.0,0.0,0.0
1.0,1.0,0.0,0.0,0.0,0.0
0.75,1.0,0.0,0.0,0.0,0.0
0.75,1.0,0.0,0.0,0.0,0.0
1.0,1.0,0.0,0.0,0.0,0.0
1.0,1.0,0.0,0.0,0.0,0.0
0.75,1.0,0.0,0.0,0.0,0.0
0.75,1.0,0.0,0.0,0.0,0.0
0.25,1.0,0.0,0.0,0.0,0.0
1.0,1.0,0.0,0.0,0.0,0.0
1.0,1.0,0.0,0.0,0.0,0.0
1.0,1.0,0.0,0.0,0.0,0.0
0.75,1.0,0.0,0.0,0.0,0.0
0.75,1.0,0.0,0.0,0.0,0.0
1.0,1.0,0.0,0.0,0.0,0.0
1.0,1.0,0.0,0.0,0.0,0.0
0.75,1.0,0.0,0.0,0.0,0.0
0.25,1.0,0.0,0.0,0.0,0.0
1.0,1.0,0.0,0.0,0.0,0.0
0.75,1.0,0.0,0.0,0.0,0.0
0.5,1.0,0.0,0.0,0.0,0.0
1.0,1.0,0.0,0.0,0.0,0.0
0.75,1.0,0.0,0.0,0.0,0.0
1.0,1.0,0.0,0.0,0.0,0.0
1.0,1.0,0.0,0.0,0.0,0.0
0.75,1.0,0.0,0.0,0.0,0.0
1.0,1.0,0.0,0.0,0.0,0.0
1.0,1.0,0.0,0.0,0.0,0.0
0.0,1.0,0.0,0.0,0.0,0.0
1.0,1.0,0.0,0.0,0.0,0.0
0.75,1.0,0.0,0.0,0.0,0.0
0.75,1.0,0.0,0.0,0.0,0.0
0.75,1.0,0.0,0.0,0.0,0.0
0.75,1.0,0.0,0.0,0.0,0.0
0.75,1.0,0.0,0.0,0.0,0.0
1.0,1.0,0.0,0.0,0.0,0.0
0.0,1.0,0.0,0.0,0.0,0.0
0.25,1.0,0.0,0.0,0.0,0.0
0.75,1.0,0.0,0.0,0.0,0.0
1.0,1.0,0.0,0.0,0.0,0.0
0.75,1.0,0.0,0.0,0.0,0.0
0.75,1.0,0.0,0.0,0.0,0.0
1.0,1.0,0.0,0.0,0.0,0.0
1.0,1.0,0.0,0.0,0.0,0.0
0.75,1.0,0.0,0.0,0.0,0.0
0.75,1.0,0.0,0.0,0.0,0.0
1.0,1.0,0.0,0.0,0.0,0.0
0.75,1.0,0.0,0.0,0.0,0.0
1.0,1.0,0.0,0.0,0.0,0.0
1.0,1.0,0.0,0.0,0.0,0.0
1.0,1.0,0.0,0.0,0.0,0.0
0.75,1.0,0.0,0.0,0.0,0.0
0.75,1.0,0.0,0.0,0.0,0.0
0.0,1.0,0.0,0.0,0.0,0.0
1.0,1.0,0.0,0.0,0.0,0.0
1.0,1.0,0.0,0.0,0.0,0.0
1.0,1.0,0.0,0.0,0.0,0.0
1.0,1.0,0.0,0.0,0.0,0.0
0.5,1.0,0.0,0.0,0.0,0.0
0.75,1.0,0.0,0.0,0.0,0.0
1.0,1.0,0.0,0.0,0.0,0.0
0.5,1.0,0.0,0.0,0.0,0.0
0.75,1.0,0.0,0.0,0.0,0.0
1.0,1.0,0.0,0.0,0.0,0.0
1.0,1.0,0.0,0.0,0.0,0.0
1.0,1.0,0.0,0.0,0.0,0.0
1.0,1.0,0.0,0.0,0.0,0.0
1.0,1.0,0.0,0.0,0.0,0.0
1.0,1.0,0.0,0.0,0.0,0.0
0.75,1.0,0.0,0.0,0.0,0.0
1.0,1.0,0.0,0.0,0.0,0.0
0.75,1.0,0.0,0.0,0.0,0.0
1.0,1.0,0.0,0.0,0.0,0.0
1.0,1.0,0.0,0.0,0.0,0.0
0.75,1.0,0.0,0.0,0.0,0.0
1.0,1.0,0.0,0.0,0.0,0.0
1.0,1.0,0.0,0.0,0.0,0.0
1.0,1.0,0.0,0.0,0.0,0.0
0.25,1.0,0.0,0.0,0.0,0.0
0.5,1.0,0.0,0.0,0.0,0.0
1.0,1.0,0.0,0.0,0.0,0.0
1.0,1.0,0.0,0.0,0.0,0.0
0.75,1.0,0.0,0.0,0.0,0.0
0.75,1.0,0.0,0.0,0.0,0.0
0.75,1.0,0.0,0.0,0.0,0.0
0.25,1.0,0.0,0.0,0.0,0.0
0.25,1.0,0.0,0.0,0.0,0.0
0.75,1.0,0.0,0.0,0.0,0.0
1.0,1.0,0.0,0.0,0.0,0.0
1.0,1.0,0.0,0.0,0.0,0.0
0.75,1.0,0.0,0.0,0.0,0.0
1.0,1.0,0.0,0.0,0.0,0.0
1.0,1.0,0.0,0.0,0.0,0.0
1.0,1.0,0.0,0.0,0.0,0.0
1.0,1.0,0.0,0.0,0.0,0.0
1.0,1.0,0.0,0.0,0.0,0.0
0.0,1.0,0.0,0.0,0.0,0.0
0.25,1.0,0.0,0.0,0.0,0.0
0.75,1.0,0.0,0.0,0.0,0.0
0.5,1.0,0.0,0.0,0.0,0.0
1.0,1.0,0.0,0.0,0.0,0.0
1.0,1.0,0.0,0.0,0.0,0.0
0.5,1.0,0.0,0.0,0.0,0.0
0.75,1.0,0.0,0.0,0.0,0.0
1.0,1.0,0.0,0.0,0.0,0.0
1.0,1.0,0.0,0.0,0.0,0.0
0.75,1.0,0.0,0.0,0.0,0.0
0.75,1.0,0.0,0.0,0.0,0.0
1.0,1.0,0.0,0.0,0.0,0.0
0.5,1.0,0.0,0.0,0.0,0.0
1.0,1.0,0.0,0.0,0.0,0.0
1.0,1.0,0.0,0.0,0.0,0.0
0.75,1.0,0.0,0.0,0.0,0.0
0.75,1.0,0.0,0.0,0.0,0.0
1.0,1.0,0.0,0.0,0.0,0.0
0.5,1.0,0.0,0.0,0.0,0.0
0.0,1.0,0.0,0.0,0.0,0.0
1.0,1.0,0.0,0.0,0.0,0.0
0.75,1.0,0.0,0.0,0.0,0.0
0.5,1.0,0.0,0.0,0.0,0.0
0.5,1.0,0.0,0.0,0.0,0.0
0.75,1.0,0.0,0.0,0.0,0.0
0.75,1.0,0.0,0.0,0.0,0.0
1.0,1.0,0.0,0.0,0.0,0.0
1.0,1.0,0.0,0.0,0.0,0.0
1.0,1.0,0.0,0.0,0.0,0.0
0.75,1.0,0.0,0.0,0.0,0.0
1.0,1.0,0.0,0.0,0.0,0.0
0.5,1.0,0.0,0.0,0.0,0.0
1.0,1.0,0.0,0.0,0.0,0.0
1.0,1.0,0.0,0.0,0.0,0.0
1.0,1.0,0.0,0.0,0.0,0.0
1.0,1.0,0.0,0.0,0.0,0.0
1.0,1.0,0.0,0.0,0.0,0.0
0.75,1.0,0.0,0.0,0.0,0.0
1.0,1.0,0.0,0.0,0.0,0.0
0.75,1.0,0.0,0.0,0.0,0.0
1.0,1.0,0.0,0.0,0.0,0.0
1.0,1.0,0.0,0.0,0.0,0.0
0.75,1.0,0.0,0.0,0.0,0.0
0.75,1.0,0.0,0.0,0.0,0.0
0.75,1.0,0.0,0.0,0.0,0.0
1.0,1.0,0.0,0.0,0.0,0.0
0.75,1.0,0.0,0.0,0.0,0.0
0.0,1.0,0.0,0.0,0.0,0.0
0.75,1.0,0.0,0.0,0.0,0.0
0.5,1.0,0.0,0.0,0.0,0.0
1.0,1.0,0.0,0.0,0.0,0.0
1.0,1.0,0.0,0.0,0.0,0.0
1.0,1.0,0.0,0.0,0.0,0.0
0.0,1.0,0.0,0.0,0.0,0.0
0.5,1.0,0.0,0.0,0.0,0.0
0.75,1.0,0.0,0.0,0.0,0.0
1.0,1.0,0.0,0.0,0.0,0.0
1.0,1.0,0.0,0.0,0.0,0.0
1.0,1.0,0.0,0.0,0.0,0.0
1.0,1.0,0.0,0.0,0.0,0.0
0.5,1.0,0.0,0.0,0.0,0.0
0.5,1.0,0.0,0.0,0.0,0.0
1.0,1.0,0.0,0.0,0.0,0.0
1.0,1.0,0.0,0.0,0.0,0.0
1.0,1.0,0.0,0.0,0.0,0.0
0.75,1.0,0.0,0.0,0.0,0.0
1.0,1.0,0.0,0.0,0.0,0.0
0.75,1.0,0.0,0.0,0.0,0.0
1.0,1.0,0.0,0.0,0.0,0.0
1.0,1.0,0.0,0.0,0.0,0.0
1.0,1.0,0.0,0.0,0.0,0.0
0.5,1.0,0.0,0.0,0.0,0.0
0.75,1.0,0.0,0.0,0.0,0.0
1.0,1.0,0.0,0.0,0.0,0.0
1.0,1.0,0.0,0.0,0.0,0.0
1.0,1.0,0.0,0.0,0.0,0.0
0.5,1.0,0.0,0.0,0.0,0.0
0.0,1.0,0.0,0.0,0.0,0.0
0.75,1.0,0.0,0.0,0.0,0.0
1.0,1.0,0.0,0.0,0.0,0.0
1.0,1.0,0.0,0.0,0.0,0.0
0.75,1.0,0.0,0.0,0.0,0.0
0.25,1.0,0.0,0.0,0.0,0.0
0.0,1.0,0.0,0.0,0.0,0.0
0.75,1.0,0.0,0.0,0.0,0.0
0.25,1.0,0.0,0.0,0.0,0.0
0.0,1.0,0.0,0.0,0.0,0.0
0.0,1.0,0.0,0.0,0.0,0.0
0.75,1.0,0.0,0.0,0.0,0.0
0.75,1.0,0.0,0.0,0.0,0.0
0.75,1.0,0.0,0.0,0.0,0.0
0.5,1.0,0.0,0.0,0.0,0.0
0.5,1.0,0.0,0.0,0.0,0.0
1.0,1.0,0.0,0.0,0.0,0.0
0.75,1.0,0.0,0.0,0.0,0.0
0.5,1.0,0.0,0.0,0.0,0.0
1.0,1.0,0.0,0.0,0.0,0.0
0.5,1.0,0.0,0.0,0.0,0.0
0.25,1.0,0.0,0.0,0.0,0.0
1.0,1.0,0.0,0.0,0.0,0.0
0.5,1.0,0.0,0.0,0.0,0.0
1.0,1.0,0.0,0.0,0.0,0.0
0.75,1.0,0.0,0.0,0.0,0.0
1.0,1.0,0.0,0.0,0.0,0.0
1.0,1.0,0.0,0.0,0.0,0.0
0.75,1.0,0.0,0.0,0.0,0.0
1.0,1.0,0.0,0.0,0.0,0.0
0.75,1.0,0.0,0.0,0.0,0.0
1.0,1.0,0.0,0.0,0.0,0.0
1.0,1.0,0.0,0.0,0.0,0.0
1.0,1.0,0.0,0.0,0.0,0.0
1.0,1.0,0.0,0.0,0.0,0.0
0.25,1.0,0.0,0.0,0.0,0.0
0.5,1.0,0.0,0.0,0.0,0.0
1.0,0.0,1.0,0.0,0.0,0.0
1.0,1.0,0.0,0.0,0.0,0.0
1.0,1.0,0.0,0.0,0.0,0.0
0.0,1.0,0.0,0.0,0.0,0.0
0.75,1.0,0.0,0.0,0.0,0.0
1.0,1.0,0.0,0.0,0.0,0.0
1.0,1.0,0.0,0.0,0.0,0.0
0.75,1.0,0.0,0.0,0.0,0.0
1.0,1.0,0.0,0.0,0.0,0.0
1.0,1.0,0.0,0.0,0.0,0.0
1.0,1.0,0.0,0.0,0.0,0.0
1.0,1.0,0.0,0.0,0.0,0.0
1.0,1.0,0.0,0.0,0.0,0.0
0.75,1.0,0.0,0.0,0.0,0.0
1.0,1.0,0.0,0.0,0.0,0.0
1.0,1.0,0.0,0.0,0.0,0.0
1.0,1.0,0.0,0.0,0.0,0.0
1.0,1.0,0.0,0.0,0.0,0.0
0.75,1.0,0.0,0.0,0.0,0.0
1.0,1.0,0.0,0.0,0.0,0.0
0.5,1.0,0.0,0.0,0.0,0.0
1.0,1.0,0.0,0.0,0.0,0.0
1.0,1.0,0.0,0.0,0.0,0.0
0.75,1.0,0.0,0.0,0.0,0.0
0.0,1.0,0.0,0.0,0.0,0.0
1.0,1.0,0.0,0.0,0.0,0.0
1.0,1.0,0.0,0.0,0.0,0.0
1.0,1.0,0.0,0.0,0.0,0.0
0.75,1.0,0.0,0.0,0.0,0.0
0.75,1.0,0.0,0.0,0.0,0.0
0.75,1.0,0.0,0.0,0.0,0.0
1.0,1.0,0.0,0.0,0.0,0.0
0.75,1.0,0.0,0.0,0.0,0.0
0.75,1.0,0.0,0.0,0.0,0.0
0.75,1.0,0.0,0.0,0.0,0.0
1.0,1.0,0.0,0.0,0.0,0.0
0.75,1.0,0.0,0.0,0.0,0.0
1.0,1.0,0.0,0.0,0.0,0.0
0.25,1.0,0.0,0.0,0.0,0.0
1.0,1.0,0.0,0.0,0.0,0.0
0.5,1.0,0.0,0.0,0.0,0.0
1.0,1.0,0.0,0.0,0.0,0.0
1.0,1.0,0.0,0.0,0.0,0.0
1.0,1.0,0.0,0.0,0.0,0.0
0.75,1.0,0.0,0.0,0.0,0.0
0.5,1.0,0.0,0.0,0.0,0.0
1.0,1.0,0.0,0.0,0.0,0.0
0.75,1.0,0.0,0.0,0.0,0.0
0.75,1.0,0.0,0.0,0.0,0.0
0.75,1.0,0.0,0.0,0.0,0.0
1.0,1.0,0.0,0.0,0.0,0.0
1.0,1.0,0.0,0.0,0.0,0.0
0.25,1.0,0.0,0.0,0.0,0.0
0.75,1.0,0.0,0.0,0.0,0.0
0.0,1.0,0.0,0.0,0.0,0.0
1.0,1.0,0.0,0.0,0.0,0.0
1.0,1.0,0.0,0.0,0.0,0.0
1.0,1.0,0.0,0.0,0.0,0.0
0.75,1.0,0.0,0.0,0.0,0.0
0.25,1.0,0.0,0.0,0.0,0.0
0.75,1.0,0.0,0.0,0.0,0.0
1.0,1.0,0.0,0.0,0.0,0.0
1.0,1.0,0.0,0.0,0.0,0.0
0.5,1.0,0.0,0.0,0.0,0.0
0.75,1.0,0.0,0.0,0.0,0.0
1.0,1.0,0.0,0.0,0.0,0.0
0.75,1.0,0.0,0.0,0.0,0.0
0.75,1.0,0.0,0.0,0.0,0.0
0.25,1.0,0.0,0.0,0.0,0.0
1.0,1.0,0.0,0.0,0.0,0.0
1.0,1.0,0.0,0.0,0.0,0.0
1.0,1.0,0.0,0.0,0.0,0.0
1.0,1.0,0.0,0.0,0.0,0.0
1.0,1.0,0.0,0.0,0.0,0.0
1.0,1.0,0.0,0.0,0.0,0.0
1.0,1.0,0.0,0.0,0.0,0.0
1.0,1.0,0.0,0.0,0.0,0.0
1.0,1.0,0.0,0.0,0.0,0.0
1.0,1.0,0.0,0.0,0.0,0.0
1.0,1.0,0.0,0.0,0.0,0.0
1.0,1.0,0.0,0.0,0.0,0.0
0.75,1.0,0.0,0.0,0.0,0.0
1.0,1.0,0.0,0.0,0.0,0.0
1.0,1.0,0.0,0.0,0.0,0.0
1.0,1.0,0.0,0.0,0.0,0.0
1.0,1.0,0.0,0.0,0.0,0.0
0.75,1.0,0.0,0.0,0.0,0.0
0.5,1.0,0.0,0.0,0.0,0.0
1.0,1.0,0.0,0.0,0.0,0.0
0.75,1.0,0.0,0.0,0.0,0.0
1.0,1.0,0.0,0.0,0.0,0.0
1.0,1.0,0.0,0.0,0.0,0.0
1.0,1.0,0.0,0.0,0.0,0.0
0.75,1.0,0.0,0.0,0.0,0.0
1.0,1.0,0.0,0.0,0.0,0.0
1.0,1.0,0.0,0.0,0.0,0.0
0.75,1.0,0.0,0.0,0.0,0.0
1.0,1.0,0.0,0.0,0.0,0.0
0.0,1.0,0.0,0.0,0.0,0.0
0.75,1.0,0.0,0.0,0.0,0.0
1.0,1.0,0.0,0.0,0.0,0.0
0.5,1.0,0.0,0.0,0.0,0.0
0.5,1.0,0.0,0.0,0.0,0.0
0.25,1.0,0.0,0.0,0.0,0.0
1.0,1.0,0.0,0.0,0.0,0.0
1.0,1.0,0.0,0.0,0.0,0.0
0.5,1.0,0.0,0.0,0.0,0.0
0.5,1.0,0.0,0.0,0.0,0.0
1.0,1.0,0.0,0.0,0.0,0.0
0.75,1.0,0.0,0.0,0.0,0.0
0.75,1.0,0.0,0.0,0.0,0.0
0.5,1.0,0.0,0.0,0.0,0.0
1.0,1.0,0.0,0.0,0.0,0.0
1.0,1.0,0.0,0.0,0.0,0.0
0.75,1.0,0.0,0.0,0.0,0.0
0.75,1.0,0.0,0.0,0.0,0.0
0.5,1.0,0.0,0.0,0.0,0.0
0.5,1.0,0.0,0.0,0.0,0.0
0.75,1.0,0.0,0.0,0.0,0.0
0.75,1.0,0.0,0.0,0.0,0.0
0.75,1.0,0.0,0.0,0.0,0.0
1.0,1.0,0.0,0.0,0.0,0.0
0.75,1.0,0.0,0.0,0.0,0.0
1.0,1.0,0.0,0.0,0.0,0.0
1.0,1.0,0.0,0.0,0.0,0.0
1.0,1.0,0.0,0.0,0.0,0.0
0.75,1.0,0.0,0.0,0.0,0.0
1.0,1.0,0.0,0.0,0.0,0.0
0.75,1.0,0.0,0.0,0.0,0.0
0.75,1.0,0.0,0.0,0.0,0.0
1.0,1.0,0.0,0.0,0.0,0.0
1.0,1.0,0.0,0.0,0.0,0.0
0.75,1.0,0.0,0.0,0.0,0.0
0.75,1.0,0.0,0.0,0.0,0.0
1.0,1.0,0.0,0.0,0.0,0.0
0.5,1.0,0.0,0.0,0.0,0.0
0.75,1.0,0.0,0.0,0.0,0.0
1.0,1.0,0.0,0.0,0.0,0.0
1.0,1.0,0.0,0.0,0.0,0.0
0.5,1.0,0.0,0.0,0.0,0.0
0.75,1.0,0.0,0.0,0.0,0.0
0.75,1.0,0.0,0.0,0.0,0.0
0.5,1.0,0.0,0.0,0.0,0.0
1.0,1.0,0.0,0.0,0.0,0.0
0.75,1.0,0.0,0.0,0.0,0.0
1.0,1.0,0.0,0.0,0.0,0.0
1.0,1.0,0.0,0.0,0.0,0.0
1.0,1.0,0.0,0.0,0.0,0.0
0.5,1.0,0.0,0.0,0.0,0.0
0.75,1.0,0.0,0.0,0.0,0.0
0.0,1.0,0.0,0.0,0.0,0.0
0.75,1.0,0.0,0.0,0.0,0.0
0.75,1.0,0.0,0.0,0.0,0.0
0.75,1.0,0.0,0.0,0.0,0.0
1.0,1.0,0.0,0.0,0.0,0.0
0.25,1.0,0.0,0.0,0.0,0.0
1.0,1.0,0.0,0.0,0.0,0.0
0.75,1.0,0.0,0.0,0.0,0.0
1.0,1.0,0.0,0.0,0.0,0.0
1.0,1.0,0.0,0.0,0.0,0.0
0.5,1.0,0.0,0.0,0.0,0.0
1.0,1.0,0.0,0.0,0.0,0.0
0.75,1.0,0.0,0.0,0.0,0.0
1.0,1.0,0.0,0.0,0.0,0.0
1.0,1.0,0.0,0.0,0.0,0.0
0.75,1.0,0.0,0.0,0.0,0.0
0.0,1.0,0.0,0.0,0.0,0.0
1.0,1.0,0.0,0.0,0.0,0.0
1.0,1.0,0.0,0.0,0.0,0.0
1.0,1.0,0.0,0.0,0.0,0.0
0.25,1.0,0.0,0.0,0.0,0.0
0.75,1.0,0.0,0.0,0.0,0.0
0.75,1.0,0.0,0.0,0.0,0.0
0.0,1.0,0.0,0.0,0.0,0.0
0.75,1.0,0.0,0.0,0.0,0.0
1.0,1.0,0.0,0.0,0.0,0.0
0.75,1.0,0.0,0.0,0.0,0.0
0.5,1.0,0.0,0.0,0.0,0.0
0.0,1.0,0.0,0.0,0.0,0.0
1.0,1.0,0.0,0.0,0.0,0.0
0.5,1.0,0.0,0.0,0.0,0.0
0.75,1.0,0.0,0.0,0.0,0.0
0.75,1.0,0.0,0.0,0.0,0.0
1.0,1.0,0.0,0.0,0.0,0.0
0.75,1.0,0.0,0.0,0.0,0.0
0.0,1.0,0.0,0.0,0.0,0.0
0.75,1.0,0.0,0.0,0.0,0.0
0.25,1.0,0.0,0.0,0.0,0.0
0.0,1.0,0.0,0.0,0.0,0.0
0.75,1.0,0.0,0.0,0.0,0.0
1.0,1.0,0.0,0.0,0.0,0.0
0.75,1.0,0.0,0.0,0.0,0.0
0.75,1.0,0.0,0.0,0.0,0.0
1.0,1.0,0.0,0.0,0.0,0.0
0.75,1.0,0.0,0.0,0.0,0.0
1.0,1.0,0.0,0.0,0.0,0.0
1.0,1.0,0.0,0.0,0.0,0.0
1.0,1.0,0.0,0.0,0.0,0.0
0.5,1.0,0.0,0.0,0.0,0.0
1.0,1.0,0.0,0.0,0.0,0.0
1.0,1.0,0.0,0.0,0.0,0.0
0.75,1.0,0.0,0.0,0.0,0.0
1.0,1.0,0.0,0.0,0.0,0.0
1.0,1.0,0.0,0.0,0.0,0.0
0.75,1.0,0.0,0.0,0.0,0.0
1.0,1.0,0.0,0.0,0.0,0.0
1.0,1.0,0.0,0.0,0.0,0.0
0.75,1.0,0.0,0.0,0.0,0.0
0.5,1.0,0.0,0.0,0.0,0.0
0.25,1.0,0.0,0.0,0.0,0.0
0.75,1.0,0.0,0.0,0.0,0.0
0.75,1.0,0.0,0.0,0.0,0.0
0.75,1.0,0.0,0.0,0.0,0.0
1.0,1.0,0.0,0.0,0.0,0.0
1.0,1.0,0.0,0.0,0.0,0.0
1.0,1.0,0.0,0.0,0.0,0.0
1.0,1.0,0.0,0.0,0.0,0.0
0.75,1.0,0.0,0.0,0.0,0.0
1.0,1.0,0.0,0.0,0.0,0.0
0.75,1.0,0.0,0.0,0.0,0.0
1.0,1.0,0.0,0.0,0.0,0.0
1.0,1.0,0.0,0.0,0.0,0.0
1.0,1.0,0.0,0.0,0.0,0.0
1.0,1.0,0.0,0.0,0.0,0.0
0.75,1.0,0.0,0.0,0.0,0.0
0.75,1.0,0.0,0.0,0.0,0.0
1.0,1.0,0.0,0.0,0.0,0.0
1.0,1.0,0.0,0.0,0.0,0.0
1.0,1.0,0.0,0.0,0.0,0.0
1.0,1.0,0.0,0.0,0.0,0.0
1.0,1.0,0.0,0.0,0.0,0.0
1.0,1.0,0.0,0.0,0.0,0.0
1.0,1.0,0.0,0.0,0.0,0.0
0.5,1.0,0.0,0.0,0.0,0.0
1.0,1.0,0.0,0.0,0.0,0.0
1.0,1.0,0.0,0.0,0.0,0.0
1.0,1.0,0.0,0.0,0.0,0.0
0.75,1.0,0.0,0.0,0.0,0.0
1.0,1.0,0.0,0.0,0.0,0.0
1.0,1.0,0.0,0.0,0.0,0.0
1.0,1.0,0.0,0.0,0.0,0.0
1.0,1.0,0.0,0.0,0.0,0.0
1.0,1.0,0.0,0.0,0.0,0.0
1.0,1.0,0.0,0.0,0.0,0.0
0.75,1.0,0.0,0.0,0.0,0.0
1.0,1.0,0.0,0.0,0.0,0.0
1.0,1.0,0.0,0.0,0.0,0.0
1.0,1.0,0.0,0.0,0.0,0.0
1.0,1.0,0.0,0.0,0.0,0.0
1.0,1.0,0.0,0.0,0.0,0.0
1.0,1.0,0.0,0.0,0.0,0.0
1.0,1.0,0.0,0.0,0.0,0.0
1.0,1.0,0.0,0.0,0.0,0.0
1.0,1.0,0.0,0.0,0.0,0.0
1.0,1.0,0.0,0.0,0.0,0.0
1.0,1.0,0.0,0.0,0.0,0.0
1.0,1.0,0.0,0.0,0.0,0.0
1.0,1.0,0.0,0.0,0.0,0.0
1.0,1.0,0.0,0.0,0.0,0.0
1.0,1.0,0.0,0.0,0.0,0.0
0.75,1.0,0.0,0.0,0.0,0.0
1.0,1.0,0.0,0.0,0.0,0.0
1.0,1.0,0.0,0.0,0.0,0.0
1.0,1.0,0.0,0.0,0.0,0.0
1.0,1.0,0.0,0.0,0.0,0.0
0.75,1.0,0.0,0.0,0.0,0.0
1.0,1.0,0.0,0.0,0.0,0.0
1.0,1.0,0.0,0.0,0.0,0.0
0.75,1.0,0.0,0.0,0.0,0.0
1.0,1.0,0.0,0.0,0.0,0.0
1.0,1.0,0.0,0.0,0.0,0.0
0.0,1.0,0.0,0.0,0.0,0.0
1.0,1.0,0.0,0.0,0.0,0.0
1.0,1.0,0.0,0.0,0.0,0.0
1.0,1.0,0.0,0.0,0.0,0.0
0.75,1.0,0.0,0.0,0.0,0.0
0.75,1.0,0.0,0.0,0.0,0.0
0.75,1.0,0.0,0.0,0.0,0.0
0.0,1.0,0.0,0.0,0.0,0.0
0.0,1.0,0.0,0.0,0.0,0.0
1.0,1.0,0.0,0.0,0.0,0.0
0.75,1.0,0.0,0.0,0.0,0.0
1.0,1.0,0.0,0.0,0.0,0.0
0.0,1.0,0.0,0.0,0.0,0.0
0.75,1.0,0.0,0.0,0.0,0.0
1.0,1.0,0.0,0.0,0.0,0.0
1.0,1.0,0.0,0.0,0.0,0.0
1.0,1.0,0.0,0.0,0.0,0.0
1.0,1.0,0.0,0.0,0.0,0.0
1.0,1.0,0.0,0.0,0.0,0.0
1.0,1.0,0.0,0.0,0.0,0.0
1.0,1.0,0.0,0.0,0.0,0.0
1.0,1.0,0.0,0.0,0.0,0.0
1.0,1.0,0.0,0.0,0.0,0.0
1.0,1.0,0.0,0.0,0.0,0.0
0.75,1.0,0.0,0.0,0.0,0.0
0.0,1.0,0.0,0.0,0.0,0.0
0.25,1.0,0.0,0.0,0.0,0.0
0.5,1.0,0.0,0.0,0.0,0.0
0.5,0.0,0.0,0.0,0.0,1.0
0.25,1.0,0.0,0.0,0.0,0.0
0.0,1.0,0.0,0.0,0.0,0.0
0.75,1.0,0.0,0.0,0.0,0.0
1.0,1.0,0.0,0.0,0.0,0.0
1.0,1.0,0.0,0.0,0.0,0.0
1.0,1.0,0.0,0.0,0.0,0.0
0.5,1.0,0.0,0.0,0.0,0.0
1.0,1.0,0.0,0.0,0.0,0.0
0.5,1.0,0.0,0.0,0.0,0.0
0.75,1.0,0.0,0.0,0.0,0.0
1.0,1.0,0.0,0.0,0.0,0.0
0.5,1.0,0.0,0.0,0.0,0.0
0.25,1.0,0.0,0.0,0.0,0.0
0.75,1.0,0.0,0.0,0.0,0.0
1.0,1.0,0.0,0.0,0.0,0.0
1.0,1.0,0.0,0.0,0.0,0.0
1.0,1.0,0.0,0.0,0.0,0.0
1.0,1.0,0.0,0.0,0.0,0.0
0.75,1.0,0.0,0.0,0.0,0.0
1.0,1.0,0.0,0.0,0.0,0.0
1.0,1.0,0.0,0.0,0.0,0.0
1.0,1.0,0.0,0.0,0.0,0.0
0.75,1.0,0.0,0.0,0.0,0.0
1.0,1.0,0.0,0.0,0.0,0.0
0.75,1.0,0.0,0.0,0.0,0.0
0.75,1.0,0.0,0.0,0.0,0.0
0.75,1.0,0.0,0.0,0.0,0.0
0.75,1.0,0.0,0.0,0.0,0.0
0.75,1.0,0.0,0.0,0.0,0.0
0.25,1.0,0.0,0.0,0.0,0.0
1.0,1.0,0.0,0.0,0.0,0.0
1.0,1.0,0.0,0.0,0.0,0.0
0.75,1.0,0.0,0.0,0.0,0.0
1.0,1.0,0.0,0.0,0.0,0.0
0.75,1.0,0.0,0.0,0.0,0.0
0.75,1.0,0.0,0.0,0.0,0.0
0.5,1.0,0.0,0.0,0.0,0.0
1.0,1.0,0.0,0.0,0.0,0.0
1.0,1.0,0.0,0.0,0.0,0.0
1.0,1.0,0.0,0.0,0.0,0.0
1.0,1.0,0.0,0.0,0.0,0.0
1.0,1.0,0.0,0.0,0.0,0.0
0.5,1.0,0.0,0.0,0.0,0.0
0.5,1.0,0.0,0.0,0.0,0.0
1.0,1.0,0.0,0.0,0.0,0.0
0.5,1.0,0.0,0.0,0.0,0.0
0.0,1.0,0.0,0.0,0.0,0.0
0.5,1.0,0.0,0.0,0.0,0.0
0.5,1.0,0.0,0.0,0.0,0.0
0.75,1.0,0.0,0.0,0.0,0.0
0.75,1.0,0.0,0.0,0.0,0.0
0.25,1.0,0.0,0.0,0.0,0.0
1.0,1.0,0.0,0.0,0.0,0.0
1.0,1.0,0.0,0.0,0.0,0.0
1.0,1.0,0.0,0.0,0.0,0.0
1.0,1.0,0.0,0.0,0.0,0.0
0.0,1.0,0.0,0.0,0.0,0.0
0.75,1.0,0.0,0.0,0.0,0.0
0.5,1.0,0.0,0.0,0.0,0.0
1.0,1.0,0.0,0.0,0.0,0.0
0.75,1.0,0.0,0.0,0.0,0.0
1.0,1.0,0.0,0.0,0.0,0.0
0.75,1.0,0.0,0.0,0.0,0.0
1.0,1.0,0.0,0.0,0.0,0.0
0.75,1.0,0.0,0.0,0.0,0.0
0.0,1.0,0.0,0.0,0.0,0.0
1.0,1.0,0.0,0.0,0.0,0.0
1.0,1.0,0.0,0.0,0.0,0.0
1.0,1.0,0.0,0.0,0.0,0.0
1.0,1.0,0.0,0.0,0.0,0.0
1.0,1.0,0.0,0.0,0.0,0.0
1.0,1.0,0.0,0.0,0.0,0.0
0.0,1.0,0.0,0.0,0.0,0.0
0.5,1.0,0.0,0.0,0.0,0.0
1.0,1.0,0.0,0.0,0.0,0.0
0.75,1.0,0.0,0.0,0.0,0.0
1.0,1.0,0.0,0.0,0.0,0.0
1.0,1.0,0.0,0.0,0.0,0.0
0.75,1.0,0.0,0.0,0.0,0.0
1.0,1.0,0.0,0.0,0.0,0.0
0.75,1.0,0.0,0.0,0.0,0.0
0.0,1.0,0.0,0.0,0.0,0.0
1.0,1.0,0.0,0.0,0.0,0.0
0.75,1.0,0.0,0.0,0.0,0.0
0.5,1.0,0.0,0.0,0.0,0.0
0.25,1.0,0.0,0.0,0.0,0.0
1.0,1.0,0.0,0.0,0.0,0.0
0.5,1.0,0.0,0.0,0.0,0.0
1.0,1.0,0.0,0.0,0.0,0.0
1.0,1.0,0.0,0.0,0.0,0.0
1.0,1.0,0.0,0.0,0.0,0.0
0.75,1.0,0.0,0.0,0.0,0.0
1.0,1.0,0.0,0.0,0.0,0.0
1.0,1.0,0.0,0.0,0.0,0.0
0.0,1.0,0.0,0.0,0.0,0.0
0.0,1.0,0.0,0.0,0.0,0.0
0.75,1.0,0.0,0.0,0.0,0.0
0.5,1.0,0.0,0.0,0.0,0.0
